,id,lat,lon,altMeters,nodeName,nodeType,popupText,leafletIconPrefix,leafletIconType,leafletColor,leafletIconText,cesiumIconType,cesiumColor,cesiumIconText,elevMeters
0,1,43.017754,-78.827534,0,cust1,customer,1,glyphicon,info-sign,blue,1,pin,blue,1,
1,2,42.936977,-78.742464,0,cust2,customer,2,glyphicon,info-sign,blue,2,pin,blue,2,
2,3,42.900231,-78.856271,0,cust3,customer,3,glyphicon,info-sign,blue,3,pin,blue,3,
3,4,43.021594,-78.726803,0,cust4,customer,4,glyphicon,info-sign,blue,4,pin,blue,4,
4,5,43.029306,-78.77217,0,cust5,customer,5,glyphicon,info-sign,blue,5,pin,blue,5,
5,6,42.93183,-78.677045,0,cust6,customer,6,glyphicon,info-sign,blue,6,pin,blue,6,
6,7,42.908149,-78.657451,0,cust7,customer,7,glyphicon,info-sign,blue,7,pin,blue,7,
7,8,42.957759,-78.818272,0,cust8,customer,8,glyphicon,info-sign,blue,8,pin,blue,8,
8,9,42.954855,-78.693281,0,cust9,customer,9,glyphicon,info-sign,blue,9,pin,blue,9,
9,10,43.033103,-78.752984,0,cust10,customer,10,glyphicon,info-sign,blue,10,pin,blue,10,
10,11,42.876719,-78.682628,0,cust11,customer,11,glyphicon,info-sign,blue,11,pin,blue,11,
11,12,42.859247,-78.751588,0,cust12,customer,12,glyphicon,info-sign,blue,12,pin,blue,12,
12,13,43.012621,-78.719339,0,cust13,customer,13,glyphicon,info-sign,blue,13,pin,blue,13,
13,14,42.951535,-78.837711,0,cust14,customer,14,glyphicon,info-sign,blue,14,pin,blue,14,
14,15,42.930377,-78.875612,0,cust15,customer,15,glyphicon,info-sign,blue,15,pin,blue,15,
15,16,42.980148,-78.798288,0,cust16,customer,16,glyphicon,info-sign,blue,16,pin,blue,16,
16,17,42.911403,-78.849122,0,cust17,customer,17,glyphicon,info-sign,blue,17,pin,blue,17,
17,18,42.899036,-78.807232,0,cust18,customer,18,glyphicon,info-sign,blue,18,pin,blue,18,
18,19,42.942062,-78.642457,0,cust19,customer,19,glyphicon,info-sign,blue,19,pin,blue,19,
19,20,42.971914,-78.616041,0,cust20,customer,20,glyphicon,info-sign,blue,20,pin,blue,20,
20,21,42.928317,-78.78596,0,cust21,customer,21,glyphicon,info-sign,blue,21,pin,blue,21,
21,22,43.027557,-78.763027,0,cust22,customer,22,glyphicon,info-sign,blue,22,pin,blue,22,
22,23,42.997893,-78.775317,0,cust23,customer,23,glyphicon,info-sign,blue,23,pin,blue,23,
23,24,42.976384,-78.766153,0,cust24,customer,24,glyphicon,info-sign,blue,24,pin,blue,24,
24,25,42.89907,-78.796981,0,cust25,customer,25,glyphicon,info-sign,blue,25,pin,blue,25,
25,26,42.935087,-78.801443,0,cust26,customer,26,glyphicon,info-sign,blue,26,pin,blue,26,
26,27,42.893419,-78.81522,0,cust27,customer,27,glyphicon,info-sign,blue,27,pin,blue,27,
27,28,42.874754,-78.722779,0,cust28,customer,28,glyphicon,info-sign,blue,28,pin,blue,28,
28,29,43.006679,-78.789353,0,cust29,customer,29,glyphicon,info-sign,blue,29,pin,blue,29,
29,30,42.949413,-78.843234,0,cust30,customer,30,glyphicon,info-sign,blue,30,pin,blue,30,
