last_name	first_name	email	country	account
Weaver	Michael	xdunn@hotmail.com	Nepal	QVJP6465242365388
Owens	Jackson	iedwards@yahoo.com	Kazakhstan	FVQZ0955529767455
Gilmore	Patrick	arogers@smith.com	Mauritius	QFIM0905182880347
Perez	Jeffrey	plewis@chavez.com	New Zealand	YWOT0997131632248
Thomas	James	fred92@yahoo.com	Yemen	QAAE9838291982555
Nelson	Greg	mmiller@lynch.com	Jordan	PCNE8127696280157
White	Joshua	steven49@gmail.com	Palau	BCEN3299883381338
Francis	Todd	amanda23@hotmail.com	Argentina	XPTQ7837014557677
Shaw	Stephen	jackduke@hotmail.com	Marshall Islands	TRLQ6559557081716
Armstrong	Mariah	rhodesnicholas@hotmail.com	Albania	OHOV7518558201999
Boyle	Anthony	smithashlee@yahoo.com	Kyrgyz Republic	MCQU7347833033110
Cuevas	Patrick	ubriggs@hill.info	Turkmenistan	PPHE5533473251751
Reyes	Gerald	brownclarence@gonzalez-moore.com	Fiji	JCDK1943355298609
Calderon	Christopher	teresa30@carpenter-warner.com	Costa Rica	NERZ5502558659614
Weiss	Shane	leekatherine@williams.com	Martinique	DLDV5789894914403
Conley	Crystal	chasewatkins@perez-phillips.com	Singapore	GZZF6936998445532
Nelson	Jeffrey	hsherman@gmail.com	Mayotte	ECGK2823955143629
Johnson	Brianna	martinezdaniel@hotmail.com	Costa Rica	QOVO4275314052899
Werner	Brandon	justinfischer@gmail.com	Guadeloupe	UKRT1119626365017
Bennett	Brianna	cindy08@gmail.com	Bahamas	UNPV3347450330173
Fletcher	Austin	carolharrington@fleming.org	Azerbaijan	GJZT6825738428111
Lewis	Patrick	lopezcarl@johnson.com	Saint Helena	JOQE2648899771737
Smith	Joseph	michael74@yahoo.com	Hong Kong	MNXY3262955868027
Sullivan	Sharon	gonzalezrobert@hotmail.com	Turkey	YHXF7256577475630
Wilson	Krystal	dawnjohnson@gmail.com	Swaziland	MUVI3570791852556
Schmidt	Diana	watersryan@gmail.com	Holy See (Vatican City State)	UKCP6739617302102
Huff	Sean	byoung@gmail.com	Norfolk Island	WDAT4146843903498
Nguyen	Robin	vhanson@yahoo.com	Kenya	SVMU4403517448078
Russell	Robyn	bfletcher@yahoo.com	Togo	ZNUY4071301663622
Smith	Tiffany	colleengarrison@hotmail.com	San Marino	GPFA8271551275648
Smith	Lori	catherine23@gmail.com	Romania	MKWY4848668895426
Keith	Sabrina	xmurphy@yahoo.com	Algeria	QHIW7412514205367
Johnson	Miguel	aaronrichard@middleton.net	Slovakia (Slovak Republic)	QAAO4666689281736
Barron	Dustin	jesse93@best.com	Somalia	LRPR8694143910883
Robinson	Michael	johnperez@johnson.com	Turkmenistan	UWFU1921951273393
Nguyen	Robert	jessica62@yahoo.com	Croatia	JQHS4274771257925
Abbott	Brandon	jennifer87@gmail.com	Jamaica	RSLD0426398604312
Oneill	Bruce	morenolindsay@bass.org	Montserrat	UYHI6964741005832
Nash	Linda	robertdavis@hotmail.com	Heard Island and McDonald Islands	ZKTE5908966955533
Cameron	Kathleen	melanie81@rogers.com	Niger	HHHP3471562002758
Wilkinson	Wesley	clineerin@hotmail.com	Saint Vincent and the Grenadines	UWLV6407825245995
Wallace	Debbie	terri95@hotmail.com	Antigua and Barbuda	JRBN0811785293731
Woodward	Kayla	danielle65@yahoo.com	Mexico	VDWY7565964041116
Bennett	Stephanie	sjackson@yahoo.com	Singapore	DNRB2101855092009
Jenkins	Caleb	douglas63@yahoo.com	Botswana	IILE1765776198023
Edwards	Valerie	woodardlindsey@yahoo.com	Guinea	ZJUF2687631787282
Anderson	Mary	suebrown@yahoo.com	Chile	DHMT4208071148508
Ray	Angela	swhite@yahoo.com	Mayotte	UBRR8524342666714
Edwards	Haley	martinkimberly@lopez.com	Macedonia	OGPU6537909247863
Clark	Charles	jessica11@hotmail.com	Ukraine	AHYX6128839695452
Hill	Lisa	hsmith@baker.com	Saint Martin	VUPW6891906300822
Carpenter	Jonathan	fklein@yahoo.com	Germany	PKFW4841194501766
Griffith	Latoya	ryan32@skinner.com	Lesotho	BNYD8693045932496
Blair	Kim	tmurphy@flores.biz	Nepal	FQJA6381776349463
Salazar	Mary	mary64@ray.org	Latvia	KCNI2464381879411
Krueger	Kenneth	jennajoseph@yahoo.com	Central African Republic	BIGY3006735396533
Burke	Phillip	watsonsamuel@gmail.com	Peru	CNJX1222752295544
Juarez	Erica	xvelasquez@hughes.com	Spain	ZROP5229895490397
Watkins	Jason	april99@gmail.com	Seychelles	NXKK2792812848629
Carter	Lee	kfletcher@yahoo.com	Faroe Islands	DPLN5056382218296
Huang	Randy	xchurch@hotmail.com	Tokelau	KAOL9792684486009
Owen	Kristina	megan24@stewart.net	Cocos (Keeling) Islands	WRXW4627191899235
Turner	Beth	sydneycollins@hunter.com	Burundi	OMOK4767172062189
Aguirre	Michael	robertbowen@chavez-ortega.com	Timor-Leste	KRKF7344951038740
Wilson	Elizabeth	christiandanielle@yahoo.com	Montserrat	SAAA4141150617330
Hardy	Teresa	kdavidson@gordon.com	Norway	XNWQ1072087896797
Stewart	David	bennettwanda@vega-guerra.net	Sierra Leone	FTHM1005169617995
Moore	Heather	mark00@hotmail.com	French Polynesia	OSSM9070924947595
Grant	Melissa	schaefernatalie@hotmail.com	French Guiana	CFQJ4204773901237
Thompson	Jennifer	moralesmartin@rodgers.com	Cape Verde	MGFG2793756668287
Anderson	Raymond	dprince@hotmail.com	Barbados	IGXK5881682171566
Ramsey	Angela	cparks@valdez-hudson.com	Andorra	QYBW6359021109484
Gonzales	Betty	martinezrichard@yahoo.com	Montserrat	UTSI0776569247505
Castaneda	Thomas	kpena@yahoo.com	Egypt	LSDI9463735752680
Todd	Jonathan	julie68@gmail.com	Malaysia	ISYY1401931979959
Garcia	Stacey	lukebradford@hotmail.com	Zimbabwe	HNOA0376843856035
Figueroa	Judy	ystewart@yahoo.com	Portugal	EEVV8325881104553
Castillo	Ashley	cory33@king-shaw.net	Paraguay	QXGZ3111246190069
Flores	Zachary	zcalhoun@gmail.com	Central African Republic	ACQR2846533122117
Allen	Erica	michaelhall@hotmail.com	Palau	ZAZD8310339637467
Potts	Savannah	kristentaylor@yahoo.com	Micronesia	ARWK1547324119222
Wheeler	Zachary	stephen63@yahoo.com	Armenia	OMQX4840913072589
Thomas	Timothy	bryanmartin@gmail.com	Bahrain	OCFV4659464275270
Mcknight	Ann	kristinavelasquez@gmail.com	Guatemala	DTRB4720098955341
Thompson	Ruth	denise01@burns.org	Saint Vincent and the Grenadines	YYHM5758234683389
Levy	Daniel	beancody@jones.com	Kazakhstan	AHBN3151680654826
Hubbard	Paul	ubradley@yahoo.com	Germany	FGBC0366153271398
Jones	Jason	anthony75@yahoo.com	Western Sahara	MHTE8867005510944
Garcia	Margaret	antonio52@gmail.com	Togo	IYOD4325345823013
Peters	Jeremy	johnlewis@hotmail.com	Guam	NZFX8257739892619
Stone	Mark	nmoore@hotmail.com	Kuwait	MWRB2515761996641
Edwards	Darius	nchurch@yahoo.com	Eritrea	CURJ9953745256871
Lawson	Tracy	piercejenna@gmail.com	Czech Republic	ATOT8581137487723
Cooper	Christina	ddavidson@hotmail.com	Maldives	RQGA0882784089265
Harris	Megan	ndelacruz@yahoo.com	Armenia	EOPA8088866975598
Jones	Timothy	jenniferadkins@griffin.biz	Benin	JCUN9597199552039
Burch	Tracie	evansmiguel@yahoo.com	Fiji	IZYL3351829981461
Chung	Jason	kenneththompson@baxter.com	Iceland	JDIH2349154465371
Melton	Samantha	bcurtis@hotmail.com	Macedonia	VRZP1447516193511
Hansen	Michael	phillipssean@hotmail.com	Serbia	QKAF2254397516681
