[
    {
        "name": "student1",
        "test1": "73",
        "test2": "91",
        "test3": "82",
        "test4": "90",
        "test5": "93"
    },
    {
        "name": "student2",
        "test1": "100",
        "test2": "90",
        "test3": "65",
        "test4": "68",
        "test5": "94"
    },
    {
        "name": "student3",
        "test1": "94",
        "test2": "67",
        "test3": "90",
        "test4": "95",
        "test5": "84"
    },
    {
        "name": "student4",
        "test1": "68",
        "test2": "85",
        "test3": "98",
        "test4": "69",
        "test5": "77"
    },
    {
        "name": "student5",
        "test1": "86",
        "test2": "93",
        "test3": "83",
        "test4": "94",
        "test5": "94"
    },
    {
        "name": "student6",
        "test1": "72",
        "test2": "97",
        "test3": "99",
        "test4": "69",
        "test5": "83"
    },
    {
        "name": "student7",
        "test1": "66",
        "test2": "99",
        "test3": "100",
        "test4": "96",
        "test5": "81"
    },
    {
        "name": "student8",
        "test1": "88",
        "test2": "71",
        "test3": "93",
        "test4": "71",
        "test5": "86"
    },
    {
        "name": "student9",
        "test1": "79",
        "test2": "69",
        "test3": "99",
        "test4": "73",
        "test5": "76"
    },
    {
        "name": "student10",
        "test1": "98",
        "test2": "68",
        "test3": "87",
        "test4": "85",
        "test5": "96"
    },
    {
        "name": "student11",
        "test1": "92",
        "test2": "81",
        "test3": "91",
        "test4": "96",
        "test5": "78"
    },
    {
        "name": "student12",
        "test1": "88",
        "test2": "83",
        "test3": "71",
        "test4": "89",
        "test5": "73"
    },
    {
        "name": "student13",
        "test1": "95",
        "test2": "72",
        "test3": "80",
        "test4": "73",
        "test5": "84"
    },
    {
        "name": "student14",
        "test1": "85",
        "test2": "97",
        "test3": "78",
        "test4": "67",
        "test5": "99"
    },
    {
        "name": "student15",
        "test1": "84",
        "test2": "71",
        "test3": "95",
        "test4": "77",
        "test5": "77"
    },
    {
        "name": "student16",
        "test1": "81",
        "test2": "95",
        "test3": "83",
        "test4": "87",
        "test5": "95"
    },
    {
        "name": "student17",
        "test1": "86",
        "test2": "98",
        "test3": "73",
        "test4": "100",
        "test5": "92"
    },
    {
        "name": "student18",
        "test1": "65",
        "test2": "78",
        "test3": "86",
        "test4": "69",
        "test5": "98"
    },
    {
        "name": "student19",
        "test1": "70",
        "test2": "70",
        "test3": "83",
        "test4": "99",
        "test5": "97"
    },
    {
        "name": "student20",
        "test1": "68",
        "test2": "68",
        "test3": "81",
        "test4": "74",
        "test5": "76"
    },
    {
        "name": "student21",
        "test1": "74",
        "test2": "73",
        "test3": "84",
        "test4": "84",
        "test5": "69"
    },
    {
        "name": "student22",
        "test1": "65",
        "test2": "87",
        "test3": "85",
        "test4": "78",
        "test5": "98"
    },
    {
        "name": "student23",
        "test1": "88",
        "test2": "95",
        "test3": "85",
        "test4": "67",
        "test5": "93"
    },
    {
        "name": "student24",
        "test1": "80",
        "test2": "91",
        "test3": "86",
        "test4": "99",
        "test5": "96"
    },
    {
        "name": "student25",
        "test1": "77",
        "test2": "86",
        "test3": "79",
        "test4": "70",
        "test5": "92"
    },
    {
        "name": "student26",
        "test1": "80",
        "test2": "78",
        "test3": "75",
        "test4": "69",
        "test5": "87"
    },
    {
        "name": "student27",
        "test1": "94",
        "test2": "99",
        "test3": "87",
        "test4": "91",
        "test5": "86"
    },
    {
        "name": "student28",
        "test1": "90",
        "test2": "100",
        "test3": "86",
        "test4": "89",
        "test5": "75"
    },
    {
        "name": "student29",
        "test1": "89",
        "test2": "93",
        "test3": "95",
        "test4": "78",
        "test5": "82"
    },
    {
        "name": "student30",
        "test1": "66",
        "test2": "92",
        "test3": "98",
        "test4": "92",
        "test5": "100"
    },
    {
        "name": "student31",
        "test1": "90",
        "test2": "87",
        "test3": "66",
        "test4": "95",
        "test5": "72"
    },
    {
        "name": "student32",
        "test1": "91",
        "test2": "76",
        "test3": "96",
        "test4": "73",
        "test5": "91"
    },
    {
        "name": "student33",
        "test1": "95",
        "test2": "67",
        "test3": "88",
        "test4": "81",
        "test5": "97"
    },
    {
        "name": "student34",
        "test1": "93",
        "test2": "88",
        "test3": "77",
        "test4": "67",
        "test5": "93"
    },
    {
        "name": "student35",
        "test1": "75",
        "test2": "89",
        "test3": "80",
        "test4": "93",
        "test5": "74"
    },
    {
        "name": "student36",
        "test1": "76",
        "test2": "69",
        "test3": "100",
        "test4": "97",
        "test5": "83"
    },
    {
        "name": "student37",
        "test1": "91",
        "test2": "78",
        "test3": "68",
        "test4": "67",
        "test5": "92"
    },
    {
        "name": "student38",
        "test1": "68",
        "test2": "98",
        "test3": "88",
        "test4": "84",
        "test5": "72"
    },
    {
        "name": "student39",
        "test1": "75",
        "test2": "90",
        "test3": "97",
        "test4": "86",
        "test5": "72"
    },
    {
        "name": "student40",
        "test1": "94",
        "test2": "97",
        "test3": "90",
        "test4": "95",
        "test5": "84"
    },
    {
        "name": "student41",
        "test1": "71",
        "test2": "77",
        "test3": "98",
        "test4": "95",
        "test5": "70"
    },
    {
        "name": "student42",
        "test1": "72",
        "test2": "86",
        "test3": "87",
        "test4": "98",
        "test5": "73"
    },
    {
        "name": "student43",
        "test1": "86",
        "test2": "69",
        "test3": "66",
        "test4": "70",
        "test5": "74"
    },
    {
        "name": "student44",
        "test1": "67",
        "test2": "100",
        "test3": "92",
        "test4": "87",
        "test5": "80"
    },
    {
        "name": "student45",
        "test1": "91",
        "test2": "81",
        "test3": "88",
        "test4": "95",
        "test5": "69"
    },
    {
        "name": "student46",
        "test1": "92",
        "test2": "83",
        "test3": "84",
        "test4": "69",
        "test5": "90"
    },
    {
        "name": "student47",
        "test1": "93",
        "test2": "78",
        "test3": "67",
        "test4": "74",
        "test5": "74"
    },
    {
        "name": "student48",
        "test1": "98",
        "test2": "69",
        "test3": "100",
        "test4": "84",
        "test5": "80"
    },
    {
        "name": "student49",
        "test1": "81",
        "test2": "98",
        "test3": "87",
        "test4": "81",
        "test5": "79"
    },
    {
        "name": "student50",
        "test1": "94",
        "test2": "68",
        "test3": "81",
        "test4": "69",
        "test5": "89"
    },
    {
        "name": "student51",
        "test1": "94",
        "test2": "93",
        "test3": "96",
        "test4": "96",
        "test5": "76"
    },
    {
        "name": "student52",
        "test1": "83",
        "test2": "78",
        "test3": "67",
        "test4": "71",
        "test5": "65"
    },
    {
        "name": "student53",
        "test1": "83",
        "test2": "100",
        "test3": "86",
        "test4": "83",
        "test5": "90"
    },
    {
        "name": "student54",
        "test1": "92",
        "test2": "72",
        "test3": "98",
        "test4": "70",
        "test5": "98"
    },
    {
        "name": "student55",
        "test1": "91",
        "test2": "76",
        "test3": "79",
        "test4": "65",
        "test5": "66"
    },
    {
        "name": "student56",
        "test1": "98",
        "test2": "80",
        "test3": "97",
        "test4": "68",
        "test5": "91"
    },
    {
        "name": "student57",
        "test1": "87",
        "test2": "84",
        "test3": "91",
        "test4": "83",
        "test5": "80"
    },
    {
        "name": "student58",
        "test1": "89",
        "test2": "88",
        "test3": "68",
        "test4": "79",
        "test5": "79"
    },
    {
        "name": "student59",
        "test1": "78",
        "test2": "76",
        "test3": "94",
        "test4": "65",
        "test5": "80"
    },
    {
        "name": "student60",
        "test1": "67",
        "test2": "76",
        "test3": "94",
        "test4": "67",
        "test5": "74"
    },
    {
        "name": "student61",
        "test1": "65",
        "test2": "76",
        "test3": "83",
        "test4": "75",
        "test5": "68"
    },
    {
        "name": "student62",
        "test1": "86",
        "test2": "100",
        "test3": "73",
        "test4": "99",
        "test5": "76"
    },
    {
        "name": "student63",
        "test1": "85",
        "test2": "66",
        "test3": "69",
        "test4": "74",
        "test5": "69"
    },
    {
        "name": "student64",
        "test1": "89",
        "test2": "78",
        "test3": "88",
        "test4": "86",
        "test5": "95"
    },
    {
        "name": "student65",
        "test1": "80",
        "test2": "75",
        "test3": "100",
        "test4": "83",
        "test5": "77"
    },
    {
        "name": "student66",
        "test1": "91",
        "test2": "92",
        "test3": "81",
        "test4": "79",
        "test5": "69"
    },
    {
        "name": "student67",
        "test1": "74",
        "test2": "80",
        "test3": "95",
        "test4": "85",
        "test5": "94"
    },
    {
        "name": "student68",
        "test1": "78",
        "test2": "99",
        "test3": "92",
        "test4": "74",
        "test5": "89"
    },
    {
        "name": "student69",
        "test1": "93",
        "test2": "95",
        "test3": "73",
        "test4": "86",
        "test5": "90"
    },
    {
        "name": "student70",
        "test1": "100",
        "test2": "71",
        "test3": "79",
        "test4": "99",
        "test5": "78"
    },
    {
        "name": "student71",
        "test1": "95",
        "test2": "98",
        "test3": "98",
        "test4": "98",
        "test5": "75"
    },
    {
        "name": "student72",
        "test1": "85",
        "test2": "66",
        "test3": "85",
        "test4": "78",
        "test5": "75"
    },
    {
        "name": "student73",
        "test1": "92",
        "test2": "89",
        "test3": "96",
        "test4": "83",
        "test5": "79"
    },
    {
        "name": "student74",
        "test1": "97",
        "test2": "99",
        "test3": "86",
        "test4": "93",
        "test5": "99"
    },
    {
        "name": "student75",
        "test1": "79",
        "test2": "79",
        "test3": "86",
        "test4": "78",
        "test5": "68"
    },
    {
        "name": "student76",
        "test1": "80",
        "test2": "72",
        "test3": "89",
        "test4": "88",
        "test5": "89"
    },
    {
        "name": "student77",
        "test1": "84",
        "test2": "99",
        "test3": "89",
        "test4": "69",
        "test5": "66"
    },
    {
        "name": "student78",
        "test1": "88",
        "test2": "98",
        "test3": "86",
        "test4": "100",
        "test5": "71"
    },
    {
        "name": "student79",
        "test1": "91",
        "test2": "94",
        "test3": "78",
        "test4": "83",
        "test5": "92"
    },
    {
        "name": "student80",
        "test1": "98",
        "test2": "85",
        "test3": "79",
        "test4": "91",
        "test5": "92"
    },
    {
        "name": "student81",
        "test1": "95",
        "test2": "83",
        "test3": "74",
        "test4": "75",
        "test5": "81"
    },
    {
        "name": "student82",
        "test1": "77",
        "test2": "100",
        "test3": "85",
        "test4": "65",
        "test5": "80"
    },
    {
        "name": "student83",
        "test1": "88",
        "test2": "76",
        "test3": "65",
        "test4": "97",
        "test5": "82"
    },
    {
        "name": "student84",
        "test1": "70",
        "test2": "66",
        "test3": "87",
        "test4": "100",
        "test5": "97"
    },
    {
        "name": "student85",
        "test1": "76",
        "test2": "100",
        "test3": "71",
        "test4": "69",
        "test5": "65"
    },
    {
        "name": "student86",
        "test1": "81",
        "test2": "71",
        "test3": "88",
        "test4": "98",
        "test5": "81"
    },
    {
        "name": "student87",
        "test1": "88",
        "test2": "100",
        "test3": "91",
        "test4": "75",
        "test5": "66"
    },
    {
        "name": "student88",
        "test1": "77",
        "test2": "87",
        "test3": "85",
        "test4": "90",
        "test5": "78"
    },
    {
        "name": "student89",
        "test1": "82",
        "test2": "78",
        "test3": "92",
        "test4": "90",
        "test5": "99"
    },
    {
        "name": "student90",
        "test1": "95",
        "test2": "66",
        "test3": "86",
        "test4": "85",
        "test5": "65"
    },
    {
        "name": "student91",
        "test1": "79",
        "test2": "100",
        "test3": "83",
        "test4": "66",
        "test5": "69"
    },
    {
        "name": "student92",
        "test1": "88",
        "test2": "91",
        "test3": "89",
        "test4": "97",
        "test5": "99"
    },
    {
        "name": "student93",
        "test1": "95",
        "test2": "97",
        "test3": "74",
        "test4": "74",
        "test5": "81"
    },
    {
        "name": "student94",
        "test1": "80",
        "test2": "71",
        "test3": "95",
        "test4": "76",
        "test5": "68"
    },
    {
        "name": "student95",
        "test1": "78",
        "test2": "71",
        "test3": "98",
        "test4": "78",
        "test5": "96"
    },
    {
        "name": "student96",
        "test1": "99",
        "test2": "93",
        "test3": "83",
        "test4": "75",
        "test5": "85"
    },
    {
        "name": "student97",
        "test1": "87",
        "test2": "82",
        "test3": "92",
        "test4": "88",
        "test5": "92"
    },
    {
        "name": "student98",
        "test1": "81",
        "test2": "85",
        "test3": "71",
        "test4": "89",
        "test5": "76"
    },
    {
        "name": "student99",
        "test1": "69",
        "test2": "74",
        "test3": "96",
        "test4": "97",
        "test5": "71"
    },
    {
        "name": "student100",
        "test1": "79",
        "test2": "79",
        "test3": "82",
        "test4": "71",
        "test5": "87"
    }
]